Date (date),Country Name (country_name),ISO Alpha 3 Code (alpha_3_code),Country Code (country_code),Region Name (region),Region Code (region_code),Sub-Region Name (sub_region),Sub-Region Code (sub_region_code),Harmonized System Code (hs_code),Commodity Name (commodity),Unit of Quantity (unit),Quantity of commodity (value_qt),Value of commodity quantity in INR (value_rs),Value of commodity quantity in US Dollars (value_dl)
"2024-04-01","Poland","POL","616","Europe","150","Eastern Europe","151","19011090","Other Food Prpns Fr Infnt Use Excl Malted Milk","Kgs","45.0","0.0","0.0"
"2025-03-01","Switzerland","CHE","756","Europe","150","Western Europe","155","62034990","Trousers,Breeches And Like Of Other Fibres","Nos","901.0","0.06","0.01"
"2018-04-01","Bulgaria","BGR","100","Europe","150","Eastern Europe","151","82032000","Pliers,Pincers,Tweezers And Smrl Tools","Kgs","0.09","0.24","0.0"
"2025-05-01","United Kingdom of Great Britain and Northern Ireland","GBR","826","Europe","150","Northern Europe","154","52094120","Saree","Sqm","1232.0","0.01","0.0"
"2017-08-01","Spain","ESP","724","Europe","150","Southern Europe","39","91059990","Others","Nos","0.3","1.3","0.0"
"2024-07-01","Portugal","PRT","620","Europe","150","Southern Europe","39","62142090","Othr Itms Of Wool Othr Thn Shwls,Scrvs And Mufflers","Nos","3036.0","0.19","0.02"
"2020-11-01","France","FRA","250","Europe","150","Western Europe","155","84836090","Others","Nos","0.72","82.82","0.11"
"2024-09-01","Germany","DEU","276","Europe","150","Western Europe","155","29379090","Other","Kgs","2.0","0.01","0.0"
"2019-05-01","Ukraine","UKR","804","Europe","150","Eastern Europe","151","69072300","Of A Water Absorption Coefficient By Weight Exceeding 10%","Sqm","10.01","20.53","0.03"
"2019-03-01","Germany","DEU","276","Europe","150","Western Europe","155","57033020","*100% P0Lypr0Pylene Carpet Mats With Jute, Rubber, Latex 0R P.U. F0Am Baking","Sqm","6.45","38.71","0.06"
"2015-04-01","Germany","DEU","276","Europe","150","Western Europe","155","52083220","Saree","Sqm","0.11","0.31","0.0"
"2016-01-01","Kingdom of the Netherlands","NLD","528","Europe","150","Western Europe","155","85013119","Other Motor Wth Output >37.5 W","Nos","0.01","0.95","0.0"
"2018-01-01","France","FRA","250","Europe","150","Western Europe","155","76152090","Other Sanitary Wareandparts Thereof Of Alumn","Kgs","0.01","0.04",""
"2017-05-01","Germany","DEU","276","Europe","150","Western Europe","155","56022100","Felt,Not Impregnated,Coated,Covered/ Laminated,Of Wool/Fine Animal Hair","Kgs","1.03","8.66","0.01"
"2024-06-01","Czechia","CZE","203","Europe","150","Eastern Europe","151","57050023","Durries Of Wool","Sqm","4.0","0.0","0.0"
"2016-12-01","Italy","ITA","380","Europe","150","Southern Europe","39","73261910","Other Articles Forged Or Stamped For Automobiles And Earth Moving Equipments","Kgs","241.12","658.7","0.97"
"2025-07-01","Kingdom of the Netherlands","NLD","528","Europe","150","Western Europe","155","61079190","Othr Cotton Articles","Nos","1356.0","0.05","0.01"
"2019-05-01","France","FRA","250","Europe","150","Western Europe","155","90119000","Parts And Accessories Of Hdg 9011","Kgs","0.0","0.04",""
"2024-12-01","Kingdom of the Netherlands","NLD","528","Europe","150","Western Europe","155","72027000","Ferro-Molybdenum","Kgs","18000.0","5.08","0.6"
"2021-02-01","Sweden","SWE","752","Europe","150","Northern Europe","154","90173029","Othr Gauges","Nos","0.07","51.12","0.07"
"2019-11-01","Austria","AUT","40","Europe","150","Western Europe","155","74199940","*Copper Worked Articles","Kgs","0.22","2.37","0.0"
"2017-05-01","France","FRA","250","Europe","150","Western Europe","155","44219970","Articles Of Densified Wood Not Included Or Specified Elsewhere","Kgs","0.17","2.35","0.0"
"2021-08-01","Austria","AUT","40","Europe","150","Western Europe","155","84733030","Prts And Accssrs Othr Mntd Prntd Crcit Brds","Nos","0.0","0.09","0.0"
"2016-03-01","Greece","GRC","300","Europe","150","Southern Europe","39","73239490","Other Household Articles Of Iron N.E.S. (Other Than Cast Iron)Or Steel,Enamelled","Kgs","1.1","2.47","0.0"
"2016-07-01","Kingdom of the Netherlands","NLD","528","Europe","150","Western Europe","155","9041130","Black Pepper Garbled","Kgs","25.0","155.49","0.23"
"2015-10-01","Kingdom of the Netherlands","NLD","528","Europe","150","Western Europe","155","84137091","Singl And Multistage Chmcl And Process Pumps","Nos","0.02","86.16","0.13"
"2018-06-01","France","FRA","250","Europe","150","Western Europe","155","12119032","Psyllium Husk (Isobgul Husk)","Kgs","40.0","114.44","0.17"
"2021-03-01","Greece","GRC","300","Europe","150","Southern Europe","39","84622990","Others","Nos","0.1","0.89","0.0"
"2025-04-01","Germany","DEU","276","Europe","150","Western Europe","155","85113020","Ignition Coils","Nos","169268.0","5.33","0.62"
"2016-04-01","France","FRA","250","Europe","150","Western Europe","155","76110000","Almnm Rsvrs,Tnks,Vats Etc.Fr Any Matrl (Excl Cmprssd Gas)Of Cpcty>300L,W/N Lnd Ht-Insltd,Bt Nt Ftd Wth Mchnl/Thrml","Kgs","4.36","20.95","0.03"
"2015-03-01","Poland","POL","616","Europe","150","Eastern Europe","151","61112000","Babies Garments Etc Of Cotton","Kgs","16.86","194.58","0.31"
"2019-09-01","Italy","ITA","380","Europe","150","Southern Europe","39","30043190","Other Medicaments Containing Insulin","Kgs","0.5","14.41","0.02"
"2015-12-01","France","FRA","250","Europe","150","Western Europe","155","39219029","Othr Plts,Shts,Film Foil,Strip Etc, Of Polymer Of Vinyl Chloride : Other","Kgs","13.0","18.37","0.03"
"2015-03-01","Switzerland","CHE","756","Europe","150","Western Europe","155","29335300","Allobarbital And Othr Barbital Compnds Andits Salts","Kgs","1.5","28.79","0.05"
"2024-11-01","Denmark","DNK","208","Europe","150","Northern Europe","154","84212300","Oil/Prtl-Fltrs Fr Intrnl Cmbstn Engns","Nos","85.0","0.04","0.0"
"2019-06-01","Ukraine","UKR","804","Europe","150","Eastern Europe","151","84099112","Pistons","Kgs","0.0","0.03",""
"2021-07-01","Spain","ESP","724","Europe","150","Southern Europe","39","29333990","Other Cmpnds Cntng An Unfused Pyrdn Ring (W/N Hydrgntd ) In Structure","Kgs","46.13","2739.38","3.68"
"2024-05-01","Russian Federation","RUS","643","Europe","150","Eastern Europe","151","61083990","Nightdresses And Pyjamas Of Othr Fibres","Nos","19721.0","0.33","0.04"
"2018-09-01","Lithuania","LTU","440","Europe","150","Northern Europe","154","57033090","*Othr Txtl Flr Cvrngs Of Othr Man-Made Txtl Matrl","Sqm","0.08","0.69","0.0"
"2017-05-01","Romania","ROU","642","Europe","150","Eastern Europe","151","95066940","Rugby Ball","Nos","0.0","0.06",""
"2021-05-01","Poland","POL","616","Europe","150","Eastern Europe","151","25152090","Others (Ecaussine Etc)","Kgs","79.5","8.0","0.01"
"2020-03-01","Germany","DEU","276","Europe","150","Western Europe","155","83111000","Coat Elctrd Of Bs Mtl Fr Elctrc Arc Wldng","Kgs","3.8","10.62","0.01"
"2021-06-01","Germany","DEU","276","Europe","150","Western Europe","155","29202990","Other","Kgs","12.0","35.54","0.05"
"2018-04-01","Italy","ITA","380","Europe","150","Southern Europe","39","39201099","Othr Plts,Sheet Of Polymrs Of Ethylene Nes","Kgs","0.08","0.14","0.0"
"2024-08-01","Russian Federation","RUS","643","Europe","150","Eastern Europe","151","73259910","Other Cast Artcles Of Iron Malleable","Kgs","1786.0","0.12","0.01"
"2015-05-01","Croatia","HRV","191","Europe","150","Southern Europe","39","90183920","Cardiac Catheters","Nos","0.0","7.63","0.01"
"2018-12-01","Sweden","SWE","752","Europe","150","Northern Europe","154","76151021","Non-Stick","Kgs","1.74","7.42","0.01"
"2024-05-01","Montenegro","MNE","499","Europe","150","Southern Europe","39","40117000","Of A Kind Used On Agricultural Or Forestry Vehicles And Machines","Nos","75.0","0.19","0.02"
"2020-05-01","Romania","ROU","642","Europe","150","Eastern Europe","151","84211999","Other Centrifuges","Nos","0.0","1.82","0.0"
"2017-06-01","Greece","GRC","300","Europe","150","Southern Europe","39","33074100","Agarbatti And Othr Odoriferous Prpns Whichoperate By Burnin","Kgs","9.04","13.18","0.02"
"2021-07-01","United Kingdom of Great Britain and Northern Ireland","GBR","826","Europe","150","Northern Europe","154","52114310","Bleeding Madras","Sqm","0.01","0.05",""
"2019-06-01","Germany","DEU","276","Europe","150","Western Europe","155","84799010","Prts Of Mchns Fr Publc Wrks,Buildng And Like","Kgs","8.78","18.42","0.03"
"2017-09-01","Italy","ITA","380","Europe","150","Southern Europe","39","62171040","Accessories Fr Articles Of Apparel Of Silk","Kgs","0.16","33.78","0.05"
"2017-06-01","Poland","POL","616","Europe","150","Eastern Europe","151","94019000","*Other Seats Of Heading 9401","Kgs","1.25","5.99","0.01"
"2020-12-01","Spain","ESP","724","Europe","150","Southern Europe","39","84836010","Flexible Coupling","Nos","0.01","0.18","0.0"
"2019-10-01","Sweden","SWE","752","Europe","150","Northern Europe","154","44182090","*Others","Kgs","0.02","0.07",""
"2019-09-01","Italy","ITA","380","Europe","150","Southern Europe","39","84219100","Prts Of Centrifuges,Incl Cntrfgl Dryrs","Kgs","0.03","0.38","0.0"
"2015-04-01","Germany","DEU","276","Europe","150","Western Europe","155","32159020","Ball Pen Ink","Kgs","0.05","0.07","0.0"
"2020-10-01","Slovenia","SVN","705","Europe","150","Southern Europe","39","83025000","Hat Racks Hat Pegs Brackets And Smlr Fixtrs","Kgs","0.01","0.13","0.0"
"2016-01-01","Romania","ROU","642","Europe","150","Eastern Europe","151","12119022","Senna Leaves And Pads","Kgs","25.0","8.88","0.01"
"2020-01-01","France","FRA","250","Europe","150","Western Europe","155","84523090","Needles Fr Other Type Sewng Mchns","Kgs","0.03","3.63","0.01"
"2019-02-01","Kingdom of the Netherlands","NLD","528","Europe","150","Western Europe","155","30049061","Analgin With Or Without Other Compounds Such As Paracetamol","Kgs","0.5","5.23","0.01"
"2024-11-01","Greece","GRC","300","Europe","150","Southern Europe","39","73259910","Other Cast Artcles Of Iron Malleable","Kgs","150061.0","1.61","0.19"
"2024-07-01","Kingdom of the Netherlands","NLD","528","Europe","150","Western Europe","155","84669400","Prts And Accssrs Fr Hdg No.8462/8463","Nos","250.0","0.01","0.0"
"2018-04-01","Spain","ESP","724","Europe","150","Southern Europe","39","85319000","Parts Of Signaling/Traffic Control Eqpmnt","Kgs","217.19","21.18","0.03"
"2019-07-01","Spain","ESP","724","Europe","150","Southern Europe","39","39219099","Othr Plts,Shts,Film Foil,Strip Etc Nes Other","Kgs","29.22","120.83","0.18"
"2020-02-01","Russian Federation","RUS","643","Europe","150","Eastern Europe","151","84772000","Extruders","Nos","0.0","241.11","0.34"
"2024-06-01","Italy","ITA","380","Europe","150","Southern Europe","39","6049000","Other Of Hdg. 0604","Kgs","11746.0","0.58","0.07"
"2018-09-01","United Kingdom of Great Britain and Northern Ireland","GBR","826","Europe","150","Northern Europe","154","29091900","*Othr Acyclic Ethrs And Thr Halgntd,Slphntd Nitrated Or Nitrosated Derivatives","Kgs","72.0","108.87","0.15"
"2017-08-01","Finland","FIN","246","Europe","150","Northern Europe","154","94055010","*Hurricane Lanterns","Nos","0.11","0.57","0.0"
"2021-11-01","Ireland","IRL","372","Europe","150","Northern Europe","154","84718000","Analogue/Hybrid Automtc Data Prcsng Mchns","Nos","0.0","4.11","0.01"
"2025-01-01","Russian Federation","RUS","643","Europe","150","Eastern Europe","151","68022390","Others","Kgs","558295.0","3.42","0.4"
"2025-05-01","Denmark","DNK","208","Europe","150","Northern Europe","154","55096200","Othr Yrn Of Acrylc/Modacrylc Staple Fibresmixed Mainly/Solely With Cotton","Kgs","887.0","0.05","0.01"
"2018-12-01","France","FRA","250","Europe","150","Western Europe","155","30049034","Omeprazole And Lansoprazole","Kgs","4.05","190.25","0.27"
"2019-10-01","Kingdom of the Netherlands","NLD","528","Europe","150","Western Europe","155","61101900","Jerseys Etc Of Othr Fine Animl Hair","Nos","0.1","0.5","0.0"
"2017-09-01","Italy","ITA","380","Europe","150","Southern Europe","39","84798970","Chmcl Plant And Othr Mchnry Fr Mnfctrng Chmcls,Phrmctcls,Etc","Nos","0.0","35.91","0.06"
"2016-09-01","Austria","AUT","40","Europe","150","Western Europe","155","39199010","Plastic Stickers, Whether Or Not Printed, Embossed, Or Impregnated","Kgs","0.01","0.18","0.0"
"2016-04-01","Romania","ROU","642","Europe","150","Eastern Europe","151","30049067","Ketorolac, Nimesulide, Nabumetone And Nefopam","Kgs","2.48","25.66","0.04"
"2019-06-01","Poland","POL","616","Europe","150","Eastern Europe","151","42022230","Jute Hand Bags/Shopping Bags.","Nos","3.8","2.44","0.0"
"2024-11-01","Russian Federation","RUS","643","Europe","150","Eastern Europe","151","30049012","Medicaments Of Unani System","Kgs","7450.0","0.31","0.04"
"2018-04-01","Belgium","BEL","56","Europe","150","Western Europe","155","84149019","Prts Of Othr Air/Vacum Pumps,Cmprssrs And Fans","Kgs","3.06","29.02","0.04"
"2018-03-01","Kingdom of the Netherlands","NLD","528","Europe","150","Western Europe","155","32129090","Othr Pigmnts Dys And Clrng Matr N.E.S.","Kgs","41.44","144.45","0.22"
"2018-01-01","Croatia","HRV","191","Europe","150","Southern Europe","39","61099090","T-Shirt Etc Of Othr Fibres","Nos","2.3","2.69","0.0"
"2016-03-01","Italy","ITA","380","Europe","150","Southern Europe","39","72222011","Bright Bars-Chromium Type","Kgs","197.56","231.59","0.35"
"2018-09-01","Kingdom of the Netherlands","NLD","528","Europe","150","Western Europe","155","23091000","Dog Or Cat Food Put Up For Retail Sale","Kgs","13.25","68.29","0.09"
"2020-10-01","Sweden","SWE","752","Europe","150","Northern Europe","154","73182910","Circlips","Kgs","0.06","0.49","0.0"
"2018-02-01","Portugal","PRT","620","Europe","150","Southern Europe","39","40139030","Inner Tubes For Off The Road Vehicle N.E. S.Or Included","Nos","0.37","1.06","0.0"
"2017-05-01","Kingdom of the Netherlands","NLD","528","Europe","150","Western Europe","155","83062190","Other Ornmnt Plted With Prcs Metal","Kgs","0.03","0.16","0.0"
"2024-12-01","France","FRA","250","Europe","150","Western Europe","155","30049064","Oxyphen Butazone, Phenyl Butazone And Formulations Thereof","Kgs","4.0","0.04","0.0"
"2019-11-01","Germany","DEU","276","Europe","150","Western Europe","155","48171000","Envelopes","Kgs","1.2","1.58","0.0"
"2016-10-01","United Kingdom of Great Britain and Northern Ireland","GBR","826","Europe","150","Northern Europe","154","73259100","Grindng Balls And Smlr Artcls For Mills Of Malleable Cast Iron","Kgs","526.03","330.83","0.5"
"2024-05-01","United Kingdom of Great Britain and Northern Ireland","GBR","826","Europe","150","Northern Europe","154","38089390","Other Herbicides-Anti-Sprouting Products","Kgs","50000.0","8.57","1.03"
"2021-07-01","Germany","DEU","276","Europe","150","Western Europe","155","23040010","Oil-Cake And Oil-Cake Meal Of Soya Bean Expeller Variety","Kgs","209.74","99.94","0.13"
"2019-12-01","Croatia","HRV","191","Europe","150","Southern Europe","39","52062400","Sngl Yrn Of Cmbd Fbrs Measurng <192.31 But>=125 Dctx (>52 But <=80 Mtrc No)","Kgs","8.19","25.27","0.04"
"2025-06-01","Netherlands Antilles","None","None","Europe","150","Western Europe","155","62052090","Of Cotton: Other","Nos","1097.0","0.12","0.01"
"2019-04-01","United Kingdom of Great Britain and Northern Ireland","GBR","826","Europe","150","Northern Europe","154","96062990","Others","Kgs","0.02","0.73","0.0"
"2020-06-01","Spain","ESP","724","Europe","150","Southern Europe","39","96139000","Parts Of Lighters","Nos","16500.0","245.4","0.32"
"2019-11-01","Belgium","BEL","56","Europe","150","Western Europe","155","62043300","Jackets Of Synthetic Fibres","Nos","0.03","0.27","0.0"
"2020-07-01","Russian Federation","RUS","643","Europe","150","Eastern Europe","151","52081190","Others","Sqm","0.63","2.75","0.0"
"2021-02-01","Russian Federation","RUS","643","Europe","150","Eastern Europe","151","72191200","Ht-Rlld Prdcts In Coils Of Thckns >=4.75 Mm Bt<10 Mm","Kgs","22.0","35.42","0.05"
"2016-04-01","Ireland","IRL","372","Europe","150","Northern Europe","154","84131110","Hand Pumps For Dspnsng Fuel/Lubricants,Of The Type Usd In Fillng Stations/In Garages","Nos","0.23","1.39","0.0"
"2020-07-01","Poland","POL","616","Europe","150","Eastern Europe","151","85444930","Rubber Insltd Cndctrs Fr <= 1000V Used For Not Fitted With Connectors","Mtr","53.65","198.58","0.26"
"2015-01-01","Lithuania","LTU","440","Europe","150","Northern Europe","154","20021000","Tomatoes Whole Or In Pieces","Kgs","108.58","35.61","0.06"
"2019-11-01","United Kingdom of Great Britain and Northern Ireland","GBR","826","Europe","150","Northern Europe","154","62171010","Accessories For Artcls Of Apparel Of Cotn","Kgs","13.28","35.99","0.05"
"2018-09-01","Italy","ITA","380","Europe","150","Southern Europe","39","83024900","Other Mounting Fittings Etc Nes","Kgs","0.48","3.34","0.0"
"2016-07-01","Switzerland","CHE","756","Europe","150","Western Europe","155","57033090","*Othr Txtl Flr Cvrngs Of Othr Man-Made Txtl Matrl","Sqm","0.49","1.94","0.0"
"2017-08-01","Spain","ESP","724","Europe","150","Southern Europe","39","39191000","Self-Adhsv Plts Etc In Rls,Wdth < = 20Cm","Kgs","169.24","231.78","0.36"
"2021-05-01","Finland","FIN","246","Europe","150","Northern Europe","154","84314310","Prts Of Borng/Snkng Mchnry,Slf-Prpld","Kgs","0.29","6.75","0.01"
"2021-10-01","Germany","DEU","276","Europe","150","Western Europe","155","38089340","Plant-Growth Regulators","Kgs","15.81","11.25","0.02"
"2021-06-01","Italy","ITA","380","Europe","150","Southern Europe","39","63049190","Others","Nos","5.21","48.69","0.07"
"2018-07-01","Germany","DEU","276","Europe","150","Western Europe","155","73201019","Other Leaf-Springs","Kgs","0.0","0.15","0.0"
"2017-10-01","Germany","DEU","276","Europe","150","Western Europe","155","29362310","Vitamin B2 (Riboflavin, Lactoplavin) And Its Salts","Kgs","1.4","67.21","0.1"
"2015-07-01","Norway","NOR","578","Europe","150","Northern Europe","154","64032040","Kolapuri Chappals And Similar Footwear","Prs","0.0","0.05",""
"2018-06-01","United Kingdom of Great Britain and Northern Ireland","GBR","826","Europe","150","Northern Europe","154","73072900","Other Fittings Of Stainless Steel","Kgs","4.62","62.63","0.09"
"2016-09-01","Poland","POL","616","Europe","150","Eastern Europe","151","61099020","T-Shirt Etc Of Artificial Fibres","Nos","1.77","3.93","0.01"
"2015-12-01","Kingdom of the Netherlands","NLD","528","Europe","150","Western Europe","155","63052000","Sacks And Bags Of Cotton","Kgs","24.29","80.37","0.12"
"2016-11-01","Kingdom of the Netherlands","NLD","528","Europe","150","Western Europe","155","76151029","Other Aluminium Utensils","Kgs","0.46","2.05","0.0"
"2025-06-01","France","FRA","250","Europe","150","Western Europe","155","53050040","C0Ir Pith","Kgs","612860.0","4.32","0.5"
"2019-07-01","Kingdom of the Netherlands","NLD","528","Europe","150","Western Europe","155","71131190","Parts","Kgs","0.0","1.74","0.0"
"2017-05-01","Austria","AUT","40","Europe","150","Western Europe","155","63079020","Made Up Artcls Of Cotton","Kgs","0.1","0.31","0.0"
"2020-10-01","United Kingdom of Great Britain and Northern Ireland","GBR","826","Europe","150","Northern Europe","154","44219160","Parts Of Domestic Decorative Articles Used As Tableware And","Kgs","3.88","14.15","0.02"
"2021-10-01","Croatia","HRV","191","Europe","150","Southern Europe","39","63041910","Bedsheets And Bed Covers Of Cotton","Nos","15.45","96.73","0.13"
"2018-07-01","France","FRA","250","Europe","150","Western Europe","155","57024230","Carpets, Rugs And Mats Of Handloom","Sqm","6.78","35.92","0.05"
"2019-06-01","Lithuania","LTU","440","Europe","150","Northern Europe","154","59111000","Txtl Fbrcs Flt And Flt-Lnd Wvn Fbrcs Cotd Covrd Wth Rubr Etc Fr Card Clothng And Smlr Fbrcs Fr Othr Techncl Prps Incl","Kgs","8.0","87.02","0.13"
"2018-05-01","Hungary","HUN","348","Europe","150","Eastern Europe","151","30049011","Medicaments Of Ayurvedic System","Kgs","1.17","7.48","0.01"
"2018-06-01","Germany","DEU","276","Europe","150","Western Europe","155","82031000","Files,Rasps And Smrl Tools","Kgs","40.32","179.61","0.26"
"2021-11-01","Kingdom of the Netherlands","NLD","528","Europe","150","Western Europe","155","85111000","Sparkling Plugs","Nos","1.6","6.56","0.01"
"2017-12-01","Spain","ESP","724","Europe","150","Southern Europe","39","71131130","Othr Artcls Of Silver Jwellery","Kgs","0.05","60.22","0.09"
"2021-10-01","Kingdom of the Netherlands","NLD","528","Europe","150","Western Europe","155","29221990","Other","Kgs","84.61","1408.76","1.88"
"2016-04-01","Denmark","DNK","208","Europe","150","Northern Europe","154","8013220","Cashew Karnel, Whole","Kgs","16.42","85.45","0.13"
"2019-02-01","United Kingdom of Great Britain and Northern Ireland","GBR","826","Europe","150","Northern Europe","154","94049019","*Othr Quilts","Kgs","24.18","161.08","0.23"
"2025-06-01","Switzerland","CHE","756","Europe","150","Western Europe","155","85408900","Other Valves And Tubes","Nos","4.0","0.0","0.0"
"2018-09-01","Switzerland","CHE","756","Europe","150","Western Europe","155","57022020","Coir Crpts And Othr Rogs","Sqm","0.75","4.6","0.01"
"2024-06-01","Belgium","BEL","56","Europe","150","Western Europe","155","72192122","Univrsl Plts Of Stnls Stl/Heat Rstng Stl, Nickl Chromium Austenitic Type,>=14 Mm","Kgs","138031.0","3.35","0.4"
"2021-11-01","Bulgaria","BGR","100","Europe","150","Eastern Europe","151","73239390","Othr Houshold Articl Of Stainless Stl Nes","Kgs","0.59","2.02","0.0"
"2017-03-01","Romania","ROU","642","Europe","150","Eastern Europe","151","62113900","*Othr Garments Of Wool Or Fine Animal Hair For Mens Or Boys","Nos","0.57","3.54","0.01"
"2017-09-01","Germany","DEU","276","Europe","150","Western Europe","155","42022230","Jute Hand Bags/Shopping Bags.","Nos","343.66","199.98","0.31"
"2020-07-01","United Kingdom of Great Britain and Northern Ireland","GBR","826","Europe","150","Northern Europe","154","63049991","Other Furnishing Articles Of Silk: Handloom","Nos","0.2","1.76","0.0"
"2015-07-01","Belgium","BEL","056","Europe","150","Western Europe","155","57023110","Carpets","Sqm","7.27","118.84","0.19"
"2021-07-01","Estonia","EST","233","Europe","150","Northern Europe","154","90015000","Spectacle Lenses Of Othr Materials","Nos","0.2","2.32","0.0"
"2016-04-01","Norway","NOR","578","Europe","150","Northern Europe","154","39233090","Crbys Bttls Flskand Smlr Artcl Of Plstcs Nes","Kgs","0.2","1.26","0.0"
"2019-08-01","Norway","NOR","578","Europe","150","Northern Europe","154","63079090","Othr Made Up Artcls Othr Thn Cotton","Kgs","0.9","9.25","0.01"
"2024-04-01","Denmark","DNK","208","Europe","150","Northern Europe","154","7133110","Beans Of The Spp Vigna Mungo (L.) Hepper","Kgs","20680.0","0.25","0.03"
"2018-06-01","Portugal","PRT","620","Europe","150","Southern Europe","39","61046990","Trousers,Bib And Brace Etc Of Other Fibres","Nos","1.0","3.15","0.0"
"2021-11-01","Spain","ESP","724","Europe","150","Southern Europe","39","71039921","Moonstone","Ctm","18.63","1.67","0.0"
"2021-12-01","Belarus","BLR","112","Europe","150","Eastern Europe","151","40103999","Trnsmsn Blt/Bltng Other Than Flat Blt/Ply Blt Where Ruby Compd More Than 25% By Wt.","Kgs","0.02","0.34","0.0"
"2024-06-01","Germany","DEU","276","Europe","150","Western Europe","155","85176290","Other","Nos","377.0","1.84","0.22"
"2015-05-01","United Kingdom of Great Britain and Northern Ireland","GBR","826","Europe","150","Northern Europe","154","73181900","Other Threaded Articles","Kgs","190.54","205.82","0.32"
"2021-07-01","Germany","DEU","276","Europe","150","Western Europe","155","20079910","Jams Jellies Mrmlds Etc. Of Mangoe","Kgs","158.24","124.14","0.17"
"2019-08-01","Poland","POL","616","Europe","150","Eastern Europe","151","82121010","Twine Type Shaving System","Kgs","1.14","17.12","0.02"
"2021-03-01","Russian Federation","RUS","643","Europe","150","Eastern Europe","151","57039020","Carpets And Floor Coverings Of Coir","Sqm","1.55","9.4","0.01"
"2015-07-01","Switzerland","CHE","756","Europe","150","Western Europe","155","11063010","Flour,Meal And Pwdr Of Tamarind","Kgs","20.0","8.09","0.01"
"2017-06-01","Belgium","BEL","56","Europe","150","Western Europe","155","42031010","Jackets And Jerseys","Kgs","6.17","214.54","0.33"
"2016-08-01","United Kingdom of Great Britain and Northern Ireland","GBR","826","Europe","150","Northern Europe","154","62149029","Chadars,Cotton,N.E.S.","Nos","0.25","2.55","0.0"
"2019-06-01","Germany","DEU","276","Europe","150","Western Europe","155","55095100","Othr Yarn Of Polystr Stpl Fibrs Mixed Mainly/Solely With Artificial Staple Fibrs","Kgs","21.23","40.84","0.06"
"2024-06-01","Denmark","DNK","208","Europe","150","Northern Europe","154","48171000","Envelopes","Kgs","3360.0","0.07","0.01"
"2021-07-01","Spain","ESP","724","Europe","150","Southern Europe","39","96062990","Others","Kgs","0.03","1.44","0.0"
"2019-09-01","Croatia","HRV","191","Europe","150","Southern Europe","39","61099090","T-Shirt Etc Of Othr Fibres","Nos","1.64","3.04","0.0"
"2016-12-01","Ireland","IRL","372","Europe","150","Northern Europe","154","42034090","Other","Kgs","0.02","0.25","0.0"
"2019-07-01","Germany","DEU","276","Europe","150","Western Europe","155","87149590","Others","Kgs","0.1","0.12","0.0"
"2015-05-01","Germany","DEU","276","Europe","150","Western Europe","155","28351010","Calcium Hypophosphite","Kgs","0.03","1.04","0.0"
"2020-09-01","Kingdom of the Netherlands","NLD","528","Europe","150","Western Europe","155","84823000","Spherical Roller Bearings","Nos","0.01","1.63","0.0"
"2018-02-01","Slovakia","SVK","703","Europe","150","Eastern Europe","151","74072910","Rods Of Bronze And Similar Alloys","Kgs","5.47","21.4","0.03"
"2021-11-01","France","FRA","250","Europe","150","Western Europe","155","96019040","Wrkd Hrn,Corl Etc Anml Crvng Mtrl And Artcls","Kgs","0.83","9.86","0.01"
"2024-10-01","France","FRA","250","Europe","150","Western Europe","155","68138100","Brake Linings And Pads","Kgs","6227.0","0.23","0.03"
"2024-05-01","Switzerland","CHE","756","Europe","150","Western Europe","155","71039949","Other","Ctm","4200.0","0.03","0.0"
"2020-01-01","United Kingdom of Great Britain and Northern Ireland","GBR","826","Europe","150","Northern Europe","154","57050019","Carpets Othr Than Silk","Sqm","6.14","21.49","0.03"
"2020-02-01","Belarus","BLR","112","Europe","150","Eastern Europe","151","84879000","Othr Mcanry Parts Of Heading 8485","Kgs","0.46","2.18","0.0"
"2017-01-01","United Kingdom of Great Britain and Northern Ireland","GBR","826","Europe","150","Northern Europe","154","82053000","Planes,Chisels,Gauges And Smlr Cutting Toolsfor Working Wood","Kgs","31.18","54.58","0.08"
"2020-09-01","Poland","POL","616","Europe","150","Eastern Europe","151","63049300","Other Furnishing Articles Of Synthetic Fibres,Not Knitted Or Crocheted","Nos","1.1","2.42","0.0"
"2020-07-01","Italy","ITA","380","Europe","150","Southern Europe","39","73259920","Othr Cast Artcls Of Alloy Steel Malleable","Kgs","149.33","550.07","0.73"
"2020-12-01","France","FRA","250","Europe","150","Western Europe","155","48219090","Others","Kgs","0.17","1.12","0.0"
"2021-10-01","Germany","DEU","276","Europe","150","Western Europe","155","42022110","Handbags Of Leather For Ladies","Nos","53.23","931.76","1.24"
"2021-04-01","Russian Federation","RUS","643","Europe","150","Eastern Europe","151","87149290","Others","Nos","0.09","0.07",""
"2024-08-01","Slovakia","SVK","703","Europe","150","Eastern Europe","151","84099949","Other Parts Of Diesel/Semi Diesel Engines","Kgs","7.0","0.0","0.0"
"2016-04-01","United Kingdom of Great Britain and Northern Ireland","GBR","826","Europe","150","Northern Europe","154","29171990","Othr Acylc Plycrboxylc Acds And Thr Drvtvs","Kgs","0.2","2.65","0.0"
"2021-11-01","Belgium","BEL","56","Europe","150","Western Europe","155","39094090","Phenolic Resins Nes","Kgs","0.01","0.0",""
"2020-08-01","Belgium","BEL","56","Europe","150","Western Europe","155","71022110","Sorted Industrial Diamonds","Ctm","6.0","3.85","0.01"
"2019-09-01","Ukraine","UKR","804","Europe","150","Eastern Europe","151","83062190","Other Ornmnt Plted With Prcs Metal","Kgs","1.92","13.03","0.02"
"2020-03-01","Italy","ITA","380","Europe","150","Southern Europe","39","84714900","Othr Digitl Automatc Dataprocesng Machine Presented In The Form Of System","Nos","0.01","0.53","0.0"
"2024-06-01","France","FRA","250","Europe","150","Western Europe","155","71162000","Articles Of Precious Or Semi Precious Stones(Natural Synthetic/Reconstructed)","Kgs","682.0","0.76","0.09"
"2015-03-01","United Kingdom of Great Britain and Northern Ireland","GBR","826","Europe","150","Northern Europe","154","84714900","Othr Digitl Automatc Dataprocesng Machine Presented In The Form Of System","Nos","0.0","21.89","0.04"
"2024-08-01","United Kingdom of Great Britain and Northern Ireland","GBR","826","Europe","150","Northern Europe","154","39253000","Shutters Blinds(Including Venetian Blinds)And Similar Articles And Parts Thereof","Kgs","42.0","0.0","0.0"
"2017-10-01","Belgium","BEL","56","Europe","150","Western Europe","155","71171990","Other","Kgs","0.02","13.37","0.02"
"2018-01-01","United Kingdom of Great Britain and Northern Ireland","GBR","826","Europe","150","Northern Europe","154","85051190","Others","Kgs","0.07","0.47","0.0"
"2025-07-01","Italy","ITA","380","Europe","150","Southern Europe","39","30049039","Other Antinistaninics ,Antacids,Antiulcer,Antiemitics And Other Gastointestinal Drugs","Kgs","974.0","0.8","0.09"
"2015-12-01","Serbia","SRB","688","Europe","150","Southern Europe","39","42034090","Other","Kgs","0.0","0.03",""
"2021-02-01","Italy","ITA","380","Europe","150","Southern Europe","39","29071930","Thymol","Kgs","0.9","6.16","0.01"
"2015-07-01","United Kingdom of Great Britain and Northern Ireland","GBR","826","Europe","150","Northern Europe","154","94031090","Others","Kgs","0.7","2.41","0.0"
"2016-06-01","United Kingdom of Great Britain and Northern Ireland","GBR","826","Europe","150","Northern Europe","154","90119000","Parts And Accessories Of Hdg 9011","Kgs","0.0","0.21","0.0"
"2016-08-01","Sweden","SWE","752","Europe","150","Northern Europe","154","96020020","Mould/Crvd Artcls Of Wax,Stearn,Ntrl Gums And Resins And Othr Mould/Crvd Artcls","Kgs","6.45","18.25","0.03"
"2019-01-01","Denmark","DNK","208","Europe","150","Northern Europe","154","40169100","Floor Coverings And Mats","Kgs","23.76","27.42","0.04"
"2019-07-01","Kingdom of the Netherlands","NLD","528","Europe","150","Western Europe","155","73121020","Wire Ropes,Galvanised","Kgs","533.39","548.2","0.8"
"2019-02-01","Italy","ITA","380","Europe","150","Southern Europe","39","83021020","Hinges 0F Brass","Kgs","0.57","6.98","0.01"
"2019-11-01","Spain","ESP","724","Europe","150","Southern Europe","39","73069019","Erw Precision Other Tubes Made Up Of Other","Kgs","42.0","36.1","0.05"
"2021-04-01","United Kingdom of Great Britain and Northern Ireland","GBR","826","Europe","150","Northern Europe","154","73262090","Other Articles Of Iron Or Steel Wire For Other Use","Kgs","20.14","46.19","0.06"
"2015-09-01","Estonia","EST","233","Europe","150","Northern Europe","154","82159900","Othr Articles Not In Sets","Kgs","16.47","63.83","0.1"
"2019-09-01","United Kingdom of Great Britain and Northern Ireland","GBR","826","Europe","150","Northern Europe","154","9101290","Other Ginger; Crushed Or Ground","Kgs","19.25","27.2","0.04"
"2024-05-01","Germany","DEU","276","Europe","150","Western Europe","155","42032110","Gloves For Sports","Kgs","1.0","0.0","0.0"
"2019-01-01","United Kingdom of Great Britain and Northern Ireland","GBR","826","Europe","150","Northern Europe","154","90185010","Opthalmoscope","Nos","0.0","80.98","0.11"
"2015-02-01","United Kingdom of Great Britain and Northern Ireland","GBR","826","Europe","150","Northern Europe","154","62160010","Gloves,Mitters And Mitts Of Cotton","Prs","82.08","212.56","0.34"
"2017-12-01","Norway","NOR","578","Europe","150","Northern Europe","154","41079200","Grain-Split Of Other Hides/Skins Includingsides","Kgs","14.85","166.28","0.26"
"2018-02-01","Finland","FIN","246","Europe","150","Northern Europe","154","40169990","Others Articles Of Vulcanised Rubber Excl. Mats/Gaskets And Other Inflatable Articles","Kgs","5.7","20.71","0.03"
"2020-02-01","Belgium","BEL","56","Europe","150","Western Europe","155","71141910","Manufactures Of Gold","Kgs","","1.7","0.0"
"2016-10-01","Poland","POL","616","Europe","150","Eastern Europe","151","21012090","Othr Extrcts Essncsand Cncntrts Of Tea/Mate","Kgs","0.01","0.06",""
"2016-05-01","Sweden","SWE","752","Europe","150","Northern Europe","154","62113200","Othr Grmnts Of Ctn For Mens Or Boys","Nos","1.59","13.4","0.02"
"2024-07-01","Switzerland","CHE","756","Europe","150","Western Europe","155","29142950","7-Acetyl, 1,2,3,4,5,6,7,8-Octahydro, 1,1, 6,7- Tetra Methyl Naphthalene Octahvdronaohthalen-2-Vl ) Ethanone","Kgs","5400.0","0.33","0.04"
"2017-10-01","Russian Federation","RUS","643","Europe","150","Eastern Europe","151","55121910","Othr Wovn Fbrcs, Dyed Cntng Polyetr >= 85%","Sqm","9.0","9.44","0.01"
"2016-10-01","Finland","FIN","246","Europe","150","Northern Europe","154","94052090","*Others","Nos","0.01","0.13","0.0"
"2015-02-01","Belgium","BEL","056","Europe","150","Western Europe","155","61081990","Slips And Petticoats Of Other Fibres","Nos","3.66","5.91","0.01"
"2020-09-01","Switzerland","CHE","756","Europe","150","Western Europe","155","29420022","Terbutoline Sulphate","Kgs","0.01","3.15","0.0"
"2025-02-01","United Kingdom of Great Britain and Northern Ireland","GBR","826","Europe","150","Northern Europe","154","39011020","Low Density Polyethylene (Ldpe)","Kgs","52000.0","0.45","0.05"
"2024-12-01","Greece","GRC","300","Europe","150","Southern Europe","39","84249000","Parts Of Mechanical Appliances","Kgs","179.0","0.03","0.0"
"2016-05-01","Hungary","HUN","348","Europe","150","Eastern Europe","151","85364900","Other Relays","Nos","0.01","0.61","0.0"
"2020-08-01","Italy","ITA","380","Europe","150","Southern Europe","39","39046990","Other Fluro-Polymers","Kgs","0.7","15.04","0.02"
"2017-03-01","Italy","ITA","380","Europe","150","Southern Europe","39","48115910","Aseptic Packaging Paper","Kgs","3.0","3.93","0.01"
"2021-05-01","Serbia","SRB","688","Europe","150","Southern Europe","39","65050090","Hats And Other Headgears Etc. Excl. Hair-Nets","Kgs","0.05","0.56","0.0"
"2021-10-01","Spain","ESP","724","Europe","150","Southern Europe","39","62082990","Nightdresses And Pyjamas Of Other Fibres","Nos","145.5","569.9","0.76"
"2016-03-01","Hungary","HUN","348","Europe","150","Eastern Europe","151","39206290","Pltes Shts Of Plyethyln Terephthalte Nes","Kgs","7.28","7.01","0.01"
"2018-12-01","Croatia","HRV","191","Europe","150","Southern Europe","39","29171950","Fumbric Acid","Kgs","0.24","61.56","0.09"
"2021-02-01","Denmark","DNK","208","Europe","150","Northern Europe","154","63051090","Sacks And Bags Of Othr Thn Jute Or Of Othr Txtl Bast Fibres Of Hdg No.5303","Kgs","2.6","12.04","0.02"
"2015-01-01","Greece","GRC","300","Europe","150","Southern Europe","39","57031010","Carpets","Sqm","0.1","2.88","0.0"
"2018-08-01","Russian Federation","RUS","643","Europe","150","Eastern Europe","151","74182020","Parts Of Sanitary Ware","Kgs","0.65","3.21","0.0"
"2017-09-01","France","FRA","250","Europe","150","Western Europe","155","94016900","Othr Seats Wth Wooden Frames","Nos","8.33","168.74","0.26"
"2021-12-01","France","FRA","250","Europe","150","Western Europe","155","91059990","Others","Nos","3.09","69.53","0.09"
"2025-02-01","Spain","ESP","724","Europe","150","Southern Europe","39","15159020","Fxd Veg Oils Viz. Neem Sd, Karnj, Slk Ctn,Khakon,Wat Meln,Ksum,Rubrsd,Dhup,Undi Mrti,Pisa,Nahar","Kgs","3255.0","0.13","0.02"
"2016-12-01","Kingdom of the Netherlands","NLD","528","Europe","150","Western Europe","155","68042110","Diamond Impregnated Wheels","Kgs","0.03","0.47","0.0"
"2019-10-01","Finland","FIN","246","Europe","150","Northern Europe","154","40169340","Gaskets","Kgs","0.15","3.11","0.0"
"2025-07-01","Austria","AUT","40","Europe","150","Western Europe","155","86079920","Parts Of Tramway","Kgs","15305.0","7.92","0.92"
"2015-10-01","Germany","DEU","276","Europe","150","Western Europe","155","87169090","Prts And Acsrs Of Othr Vhcl Nt Mchncly Prpld","Kgs","0.38","2.46","0.0"
"2024-12-01","Austria","AUT","40","Europe","150","Western Europe","155","84099114","Piston Assembles","Kgs","344.0","0.1","0.01"
"2025-06-01","Spain","ESP","724","Europe","150","Southern Europe","39","85354030","Surge Suppressors","Nos","65.0","0.02","0.0"
"2019-01-01","Italy","ITA","380","Europe","150","Southern Europe","39","40111010","Radials Tyres Used On Motor Cars (Incl Station Wagons And Racing Cars)","Nos","5.47","197.98","0.28"
"2016-05-01","Spain","ESP","724","Europe","150","Southern Europe","39","29029020","Diphenyl Methane","Kgs","0.63","2.7","0.0"
"2021-06-01","Ukraine","UKR","804","Europe","150","Eastern Europe","151","29189990","Other","Kgs","0.23","14.96","0.02"
"2018-08-01","Spain","ESP","724","Europe","150","Southern Europe","39","32041369","Other Basic Green (Non-Azo)","Kgs","3.08","6.31","0.01"
"2021-05-01","Spain","ESP","724","Europe","150","Southern Europe","39","8029000","*Other Nuts","Kgs","0.08","0.81","0.0"
"2018-10-01","France","FRA","250","Europe","150","Western Europe","155","69139000","Othr Statuette Etc(Excl Of Porclain/China)","Kgs","5.99","15.11","0.02"
"2018-07-01","Kingdom of the Netherlands","NLD","528","Europe","150","Western Europe","155","30042013","Ciprofloxacine- In Capsul,Tblts Form Etc","Kgs","0.23","15.3","0.02"
"2021-03-01","Hungary","HUN","348","Europe","150","Eastern Europe","151","29214590","Othr 1-Npthylamn 2-Npthylamn And Their Drvtvs And Slts Threof","Kgs","0.2","32.98","0.05"
"2024-11-01","Austria","AUT","40","Europe","150","Western Europe","155","84807900","Othr Moulds For Rubber/Plastics","Kgs","18.0","0.09","0.01"
"2018-08-01","Kingdom of the Netherlands","NLD","528","Europe","150","Western Europe","155","29181590","Other Salts And Esters Of Citric Acid","Kgs","0.2","1.26","0.0"
"2024-06-01","Croatia","HRV","191","Europe","150","Southern Europe","39","84715000","Digitl Procesng Units Excl Of Sub Hdngs 847141 And 847149,Wh/Not Cont One/Two Typs Of Uni,Like Storg/Input/Output Uni","Nos","4.0","0.04","0.01"
"2025-05-01","Spain","ESP","724","Europe","150","Southern Europe","39","29041010","Benzene Sulphonic Acid","Kgs","240.0","0.03","0.0"
"2024-07-01","Russian Federation","RUS","643","Europe","150","Eastern Europe","151","9042219","Crushed Or Ground; Other Fruits Of Genus Capsicum","Kgs","4000.0","0.1","0.01"
"2017-11-01","Germany","DEU","276","Europe","150","Western Europe","155","92099200","Parts And Accessories For The Musical Instruments Of Headng No.9202","Kgs","0.36","14.72","0.02"
"2021-12-01","Italy","ITA","380","Europe","150","Southern Europe","39","84452014","Cotton Spinning Roving Frames","Nos","0.0","1.49","0.0"
"2017-02-01","Belgium","BEL","56","Europe","150","Western Europe","155","29162000","*Cyclanic,Cyclenic/Cyclotrpnc Monocrboxylc Acids,Their Anhydrds,Halides Peroxides Peroxyacids And Their Derivatatives","Kgs","0.12","28.48","0.04"
"2019-12-01","Poland","POL","616","Europe","150","Eastern Europe","151","28417020","Sodium Molybdate","Kgs","12.0","85.08","0.12"
"2020-09-01","Hungary","HUN","348","Europe","150","Eastern Europe","151","73181500","Othr Screws And Bolts W/N Wth Nuts Or Washers Threaded","Kgs","2.28","31.39","0.04"
"2016-04-01","Finland","FIN","246","Europe","150","Northern Europe","154","85045090","Others","Nos","0.5","0.02",""
"2015-06-01","United Kingdom of Great Britain and Northern Ireland","GBR","826","Europe","150","Northern Europe","154","83091000","Crown Corks","Kgs","0.08","0.47","0.0"
"2015-11-01","Greece","GRC","300","Europe","150","Southern Europe","39","62046200","*Trousers,Bib And Brace Overalls, Breeches And Shorts Of Cotton","Nos","0.2","0.37","0.0"
"2024-10-01","Romania","ROU","642","Europe","150","Eastern Europe","151","54026200","Othr Yarn Of Polystrs,Multpl Or Cabld","Kgs","37094.0","1.93","0.23"
"2021-02-01","Latvia","LVA","428","Europe","150","Northern Europe","154","90330000","Prts And Accessories Fr Machines,Appliances,Instruments/Apparatus Of Chapter 90,Nes","Kgs","0.0","5.61","0.01"
"2015-11-01","Italy","ITA","380","Europe","150","Southern Europe","39","58042990","Mechnclly Made Lace Of Othr Txtl","Kgs","0.13","0.89","0.0"
"2016-01-01","Italy","ITA","380","Europe","150","Southern Europe","39","85044010","Electric Inverters","Nos","0.81","49.06","0.07"
"2016-07-01","Denmark","DNK","208","Europe","150","Northern Europe","154","90158090","Others","Nos","0.0","43.17","0.06"
"2024-08-01","Russian Federation","RUS","643","Europe","150","Eastern Europe","151","12119022","Senna Leaves And Pads","Kgs","21410.0","0.17","0.02"
"2019-08-01","Russian Federation","RUS","643","Europe","150","Eastern Europe","151","17023039","Dextrose Other Than Solid","Kgs","0.01","0.02",""
"2017-09-01","Serbia","SRB","688","Europe","150","Southern Europe","39","29397900","Other","Kgs","0.1","5.06","0.01"
"2020-12-01","France","FRA","250","Europe","150","Western Europe","155","63025900","Other Table Linen Of Flax","Kgs","7.8","5.35","0.01"
"2019-09-01","Switzerland","CHE","756","Europe","150","Western Europe","155","84799090","Prts Of Othr Mchnry And Mchncl Applncs,Hvng Indvdl Functns","Kgs","2.76","46.39","0.07"
"2020-02-01","Italy","ITA","380","Europe","150","Southern Europe","39","84099930","Fuel Injectn Eqpmnt Excl Injctn Pumps","Kgs","0.02","0.61","0.0"
"2017-08-01","Ireland","IRL","372","Europe","150","Northern Europe","154","44211000","Cloths Hangers","Kgs","0.2","0.23","0.0"
"2016-12-01","Germany","DEU","276","Europe","150","Western Europe","155","85219090","Othr Video Recrdng/Reprdcng Apprts","Nos","0.01","42.24","0.06"
"2021-01-01","Russian Federation","RUS","643","Europe","150","Eastern Europe","151","68029300","Other Granite","Kgs","27.6","5.12","0.01"
"2021-11-01","Ukraine","UKR","804","Europe","150","Eastern Europe","151","30029090","Other","Kgs","","0.03",""
"2025-05-01","United Kingdom of Great Britain and Northern Ireland","GBR","826","Europe","150","Northern Europe","154","33012926","Ginger Oil","Kgs","1695.0","0.82","0.1"
"2021-11-01","Germany","DEU","276","Europe","150","Western Europe","155","30049081","Phenobarbitone,Mephobarbitone,Primidone, Phenytoin,Carbamazpin,Ethosucimid, Valporicacid ,Diazepa,Lamotrigin,Gab","Kgs","0.5","46.77","0.06"
"2016-11-01","France","FRA","250","Europe","150","Western Europe","155","82076010","Reamers","Kgs","0.0","0.29","0.0"
"2015-12-01","France","FRA","250","Europe","150","Western Europe","155","84831092","Crank Shaft For Engines Of Heading 8408","Nos","0.02","3.23","0.0"
"2016-02-01","Kingdom of the Netherlands","NLD","528","Europe","150","Western Europe","155","30049056","Chloroquine, Amodiaquine, Mefloquine, Quinine, Chloroguamide, Pyrimethamine","Kgs","0.52","49.31","0.07"
"2017-08-01","Germany","DEU","276","Europe","150","Western Europe","155","90328910","Elctrnc Automatic Regulators(Controllers)","Nos","4.62","126.34","0.2"
"2024-07-01","Norway","NOR","578","Europe","150","Northern Europe","154","62059090","Shirts Of Other Fibres","Nos","10.0","0.01","0.0"
"2016-07-01","France","FRA","250","Europe","150","Western Europe","155","90328910","Elctrnc Automatic Regulators(Controllers)","Nos","9.31","524.71","0.78"
"2018-09-01","United Kingdom of Great Britain and Northern Ireland","GBR","826","Europe","150","Northern Europe","154","62044220","Dresses Of Cotton","Nos","198.46","1103.59","1.53"
"2021-02-01","France","FRA","250","Europe","150","Western Europe","155","62149060","Shawls Muffelers Etc Of Manmade Fibre","Nos","15.41","47.9","0.07"
"2020-09-01","Germany","DEU","276","Europe","150","Western Europe","155","85412900","Other Transistor,Other Than Photosensitive Transistors","Nos","45.0","2.3","0.0"
"2021-06-01","Spain","ESP","724","Europe","150","Southern Europe","39","29189990","Other","Kgs","0.52","30.21","0.04"
"2018-11-01","Italy","ITA","380","Europe","150","Southern Europe","39","64035119","Othr Ankle Cvrd All Lthr Shoes","Prs","0.02","0.47","0.0"
"2021-07-01","Sweden","SWE","752","Europe","150","Northern Europe","154","90314900","Othr Optcl Instrments And Appliances","Kgs","0.0","0.02",""
"2020-10-01","Ireland","IRL","372","Europe","150","Northern Europe","154","21039040","Mcxed, Condiments And Mixed Seasoning","Kgs","0.02","0.18","0.0"
"2016-04-01","Portugal","PRT","620","Europe","150","Southern Europe","39","8045040","Mango Pulp","Kgs","84.11","85.52","0.13"
"2024-08-01","Italy","ITA","380","Europe","150","Southern Europe","39","84836010","Flexible Coupling","Nos","32.0","5.13","0.61"
"2019-12-01","Austria","AUT","40","Europe","150","Western Europe","155","84099911","Valves,Inlet And Exhaust","Kgs","0.43","1.98","0.0"
"2015-03-01","United Kingdom of Great Britain and Northern Ireland","GBR","826","Europe","150","Northern Europe","154","8109020","Tamarind Fresh","Kgs","22.0","26.51","0.04"
"2025-02-01","France","FRA","250","Europe","150","Western Europe","155","12079990","Other Oil Seeds And Oleginous Fruits W/N Broken","Kgs","1978.0","0.07","0.01"
"2016-08-01","Kingdom of the Netherlands","NLD","528","Europe","150","Western Europe","155","54078290","Others","Sqm","2.03","5.73","0.01"
"2024-09-01","Slovenia","SVN","705","Europe","150","Southern Europe","39","61046200","Trsrs,Bibs,Brc Ovrlls,Brchs,Shrts Of Cotn","Nos","14150.0","0.26","0.03"
"2016-09-01","Austria","AUT","40","Europe","150","Western Europe","155","68159990","Others","Kgs","6.6","18.35","0.03"
"2020-11-01","Portugal","PRT","620","Europe","150","Southern Europe","39","62031910","Suits Of Cotton","Nos","1.17","19.46","0.03"
"2024-06-01","Switzerland","CHE","756","Europe","150","Western Europe","155","87081090","Bumpers Etc For Othr Vhcls","Kgs","11.0","0.0","0.0"
"2017-06-01","Ukraine","UKR","804","Europe","150","Eastern Europe","151","30042034","Ofloxacin","Kgs","0.51","6.54","0.01"
"2016-01-01","Germany","DEU","276","Europe","150","Western Europe","155","62149090","Shawls,Scarves,Etc Of Othr Txtl Fibres","Nos","491.9","1375.05","2.04"
"2017-09-01","Russian Federation","RUS","643","Europe","150","Eastern Europe","151","84099911","Valves,Inlet And Exhaust","Kgs","0.11","1.05","0.0"
"2016-12-01","France","FRA","250","Europe","150","Western Europe","155","57050039","Othr Carpets Of Jute","Sqm","21.86","72.48","0.11"
"2021-04-01","Sweden","SWE","752","Europe","150","Northern Europe","154","85176990","Othr Apartus,Fr Carrier/Digital Line Systm","Nos","","0.27","0.0"
"2020-02-01","Germany","DEU","276","Europe","150","Western Europe","155","32041391","Basic Oranges(Non-Azo)","Kgs","0.35","9.3","0.01"
"2021-06-01","Bulgaria","BGR","100","Europe","150","Eastern Europe","151","30049069","Other Nonsteroidal Antiinflamatory, Analgestics And Antipyratic Drugs","Kgs","0.26","11.08","0.02"
"2017-07-01","United Kingdom of Great Britain and Northern Ireland","GBR","826","Europe","150","Northern Europe","154","52094190","Others","Sqm","3.68","19.5","0.03"
"2017-09-01","Kingdom of the Netherlands","NLD","528","Europe","150","Western Europe","155","82011000","Spades And Shovels","Kgs","9.17","5.6","0.01"
"2019-09-01","Kingdom of the Netherlands","NLD","528","Europe","150","Western Europe","155","87141090","Parts And Accessories Of Motorcycle Excl. Saddle","Kgs","0.6","4.24","0.01"
"2018-02-01","United Kingdom of Great Britain and Northern Ireland","GBR","826","Europe","150","Northern Europe","154","8028090","Other Areca Nuts","Kgs","0.15","0.44","0.0"
"2015-02-01","Germany","DEU","276","Europe","150","Western Europe","155","71131940","Jewellery Of Gold Set With Precious And Semi Precious Stones Other Than Diamonds","Kgs","0.02","634.04","1.02"
"2016-05-01","Serbia","SRB","688","Europe","150","Southern Europe","39","84831099","Other Trnsmsn Shft(Incl Cam And Crnk Shft)","Nos","0.0","1.16","0.0"
"2019-02-01","Russian Federation","RUS","643","Europe","150","Eastern Europe","151","57050031","Carpets Of Blended Jute","Sqm","1.0","5.58","0.01"
"2015-05-01","Russian Federation","RUS","643","Europe","150","Eastern Europe","151","62142090","Othr Itms Of Wool Othr Thn Shwls,Scrvs And Mufflers","Nos","0.01","1.02","0.0"
"2016-12-01","Spain","ESP","724","Europe","150","Southern Europe","39","29280090","Othr Orgnc Drvts Of Hydrazine/Hydrxylmine","Kgs","25.48","69.27","0.1"
"2025-02-01","Russian Federation","RUS","643","Europe","150","Eastern Europe","151","85115000","Other Stater-Generators","Nos","12.0","0.01","0.0"
"2024-12-01","Russian Federation","RUS","643","Europe","150","Eastern Europe","151","85078000","Other Accumulators","Nos","28.0","0.02","0.0"
"2020-06-01","Germany","DEU","276","Europe","150","Western Europe","155","76071995","Printed Alumnm Foil Not Rolled And Not Bckd","Kgs","4.73","20.99","0.03"
"2019-09-01","Finland","FIN","246","Europe","150","Northern Europe","154","39269080","Polypropylene Articles,N.E.S.","Kgs","0.64","1.46","0.0"
"2020-03-01","France","FRA","250","Europe","150","Western Europe","155","90183290","Othr Tubular Metal Needles","Kgs","0.48","6.19","0.01"
"2024-07-01","Slovenia","SVN","705","Europe","150","Southern Europe","39","73209090","Others Of Other Springs Of Iron/Steel","Kgs","192.0","0.03","0.0"
"2015-01-01","Kingdom of the Netherlands","NLD","528","Europe","150","Western Europe","155","61046300","Trousers,Bib And Brace Overalls,Breeches And Shorts Of Synthetic Fibres","Nos","0.16","0.62","0.0"
"2019-04-01","Finland","FIN","246","Europe","150","Northern Europe","154","39232990","Sack And Bag (Incl Cones)Of Othr Plastic Nes","Kgs","17.86","84.58","0.12"
"2018-07-01","Austria","AUT","40","Europe","150","Western Europe","155","62044290","Othr Dresses Of Cotton","Nos","0.01","0.91","0.0"
"2025-02-01","Italy","ITA","380","Europe","150","Southern Europe","39","90011000","Optcl Fibrs,Optical Fibre Bundles And Cables","Kgs","24765.0","12.84","1.47"
"2016-07-01","Germany","DEU","276","Europe","150","Western Europe","155","62113900","*Othr Garments Of Wool Or Fine Animal Hair For Mens Or Boys","Nos","0.05","0.63","0.0"
"2016-04-01","Kingdom of the Netherlands","NLD","528","Europe","150","Western Europe","155","39263010","Fittings For Furniture Coachwork/The Like Of Polyurethane Foam","Kgs","0.08","0.7","0.0"
"2021-08-01","Portugal","PRT","620","Europe","150","Southern Europe","39","32041739","Others Pigment Red","Kgs","12.1","175.84","0.24"
"2021-01-01","Spain","ESP","724","Europe","150","Southern Europe","39","71039120","Sapphire","Ctm","0.09","2.87","0.0"
"2018-08-01","Poland","POL","616","Europe","150","Eastern Europe","151","84143000","Compressors Usd In Reprigerating Equipment","Nos","0.06","1.13","0.0"
"2015-05-01","United Kingdom of Great Britain and Northern Ireland","GBR","826","Europe","150","Northern Europe","154","12074090","Other Sesamum Seeds W/N Broken","Kgs","232.41","282.27","0.44"
"2018-07-01","Denmark","DNK","208","Europe","150","Northern Europe","154","85441990","Other Winding Wires Of Othr Metls/Substnce Excl Copper Oth Thn Plastic, Rubber Insulated And Asbestos Covered","Mtr","0.45","1.37","0.0"
"2018-12-01","Austria","AUT","40","Europe","150","Western Europe","155","76151021","Non-Stick","Kgs","2.86","11.89","0.02"
"2021-10-01","France","FRA","250","Europe","150","Western Europe","155","8119090","Othr Fruits Andnuts W/N Cokd,Frzn Not Contng Sugr","Kgs","23.0","16.2","0.02"
"2020-02-01","Spain","ESP","724","Europe","150","Southern Europe","39","90213900","Others","Nos","0.06","48.85","0.07"
"2025-04-01","Germany","DEU","276","Europe","150","Western Europe","155","84592990","Others","Nos","3280.0","0.62","0.07"
"2019-09-01","United Kingdom of Great Britain and Northern Ireland","GBR","826","Europe","150","Northern Europe","154","62043990","Jackets Of All Othr Fibres","Nos","1.88","40.57","0.06"
"2017-02-01","Slovenia","SVN","705","Europe","150","Southern Europe","39","61083100","Nightdresses And Pyjamas Of Cotton","Nos","42.62","63.41","0.09"
"2015-03-01","Germany","DEU","276","Europe","150","Western Europe","155","17011410","Cane Jaggery","Kgs","3.95","2.75","0.0"
"2024-07-01","Austria","AUT","40","Europe","150","Western Europe","155","57011010","Hand-Made","Sqm","914.0","0.93","0.11"
"2019-01-01","United Kingdom of Great Britain and Northern Ireland","GBR","826","Europe","150","Northern Europe","154","85366110","Lmp Hldrs Of Plstcs","Nos","3.79","2.27","0.0"
"2018-07-01","Switzerland","CHE","756","Europe","150","Western Europe","155","62042990","Othr Ensembles Of Othr Txtl Matrals Othr Than Silk","Nos","0.13","0.92","0.0"
"2020-02-01","Finland","FIN","246","Europe","150","Northern Europe","154","95069990","Other Sports Equipments","Nos","3.54","11.37","0.02"
"2020-02-01","Switzerland","CHE","756","Europe","150","Western Europe","155","63049300","Other Furnishing Articles Of Synthetic Fibres,Not Knitted Or Crocheted","Nos","0.09","0.2","0.0"
"2015-12-01","Germany","DEU","276","Europe","150","Western Europe","155","61179000","Parts Of Garments,Knitd/Crchtd","Kgs","0.56","15.71","0.02"
"2015-12-01","Italy","ITA","380","Europe","150","Southern Europe","39","84592990","Others","Nos","0.0","1.52","0.0"
"2017-12-01","Germany","DEU","276","Europe","150","Western Europe","155","56031400","Man-Made Filmnt Wghng >150G/Sqm","Kgs","0.37","1.74","0.0"
"2017-04-01","Lithuania","LTU","440","Europe","150","Northern Europe","154","90189099","Othr Srgcl Instrmnts And Applncs (Incl Vtrnry)","Nos","19.88","20.43","0.03"
"2024-12-01","United Kingdom of Great Britain and Northern Ireland","GBR","826","Europe","150","Northern Europe","154","95069190","Other Gymnastic/Athletic Requisites","Kgs","64147.0","2.57","0.3"
"2020-02-01","United Kingdom of Great Britain and Northern Ireland","GBR","826","Europe","150","Northern Europe","154","19041010","Corn Flakes","Kgs","1.02","0.45","0.0"
"2021-11-01","Switzerland","CHE","756","Europe","150","Western Europe","155","57023140","Carpeting, Flr Rug Asnd The Like","Sqm","0.49","5.58","0.01"
"2019-08-01","Poland","POL","616","Europe","150","Eastern Europe","151","85311090","Othr Alarm","Nos","12.48","2.76","0.0"
"2018-12-01","Switzerland","CHE","756","Europe","150","Western Europe","155","28301000","Sodium Sulphide","Kgs","16.0","222.19","0.31"
"2024-11-01","Spain","ESP","724","Europe","150","Southern Europe","39","38029019","Other Actvtd Natrl Mnrl Prdcts","Kgs","24050.0","0.08","0.01"
"2016-12-01","Belgium","BEL","56","Europe","150","Western Europe","155","71023100","Non-Industrial Diamonds Unworked/Simply Sawn Cleaved Or Bruted","Ctm","255.13","10674.75","15.72"
"2025-02-01","Belgium","BEL","56","Europe","150","Western Europe","155","73071900","Other Cast Fittings","Kgs","101.0","0.03","0.0"
"2025-06-01","Sweden","SWE","752","Europe","150","Northern Europe","154","62114299","Cotn Grmnts Othr Thn Kurta And Salwar Wth/Without Duppatta - Other","Nos","11613.0","0.7","0.08"
"2016-11-01","Switzerland","CHE","756","Europe","150","Western Europe","155","87033191","Motor Cars Wth Cmprsn Igntn Wth Cylndr Cpcty <1500Cc","Nos","0.01","39.69","0.06"
"2017-12-01","Austria","AUT","040","Europe","150","Western Europe","155","33029012","Synthetic Essential Oils","Kgs","","0.47","0.0"
"2021-04-01","Iceland","ISL","352","Europe","150","Northern Europe","154","62029919","*Othr Smlr Grmnts Of Silk","Nos","0.01","0.86","0.0"
"2025-04-01","Italy","ITA","380","Europe","150","Southern Europe","39","9011139","Coffee Rob Parchment Other Grade","Kgs","635000.0","36.33","4.25"
"2015-07-01","Spain","ESP","724","Europe","150","Southern Europe","39","90289010","Parts And Accessories Of Electricity Meter","Kgs","6.26","151.11","0.24"
"2025-06-01","Estonia","EST","233","Europe","150","Northern Europe","154","74153990","Other Threaded Articles N.E.S.","Kgs","1606.0","0.14","0.02"
"2019-07-01","Germany","DEU","276","Europe","150","Western Europe","155","32041610","Reactive Yellows","Kgs","17.8","75.87","0.11"
"2024-05-01","Austria","AUT","40","Europe","150","Western Europe","155","34060010","Candles","Kgs","1032.0","0.03","0.0"
"2015-05-01","Germany","DEU","276","Europe","150","Western Europe","155","62064000","Blouses,Shirts Etc Of Man-Made Fibres","Nos","1371.81","4963.73","7.78"
"2016-12-01","Slovenia","SVN","705","Europe","150","Southern Europe","39","72230099","Wire Of Stnls Stl Of Thickns < 0.46 Mm","Kgs","5.73","14.81","0.02"
"2015-03-01","France","FRA","250","Europe","150","Western Europe","155","62045300","Skirts And Divided Skirts Of Synthetic Fibrs","Nos","138.9","531.39","0.85"
"2025-07-01","Switzerland","CHE","756","Europe","150","Western Europe","155","13019013","Asafoetida","Kgs","20.0","0.0","0.0"
"2024-06-01","Finland","FIN","246","Europe","150","Northern Europe","154","62079190","Othr Vests Of Cotton","Nos","2776.0","0.2","0.02"
"2016-10-01","Germany","DEU","276","Europe","150","Western Europe","155","21069080","Custard Powder","Kgs","0.07","0.35","0.0"
"2019-10-01","Russian Federation","RUS","643","Europe","150","Eastern Europe","151","40169940","Rubber Blankets","Kgs","0.85","10.43","0.01"
"2019-05-01","Portugal","PRT","620","Europe","150","Southern Europe","39","52054810","Grey","Kgs","14.94","216.96","0.31"
"2017-05-01","United Kingdom of Great Britain and Northern Ireland","GBR","826","Europe","150","Northern Europe","154","16055400","Cuttle Fish And Squid","Kgs","19.0","60.73","0.09"
"2017-08-01","France","FRA","250","Europe","150","Western Europe","155","62082100","*Nightdresses And Pyjamas Of Cotton","Nos","14.98","74.2","0.12"
"2025-07-01","Greece","GRC","300","Europe","150","Southern Europe","39","90213100","Artificial Joints","Nos","341.0","0.21","0.02"
"2017-04-01","Poland","POL","616","Europe","150","Eastern Europe","151","33019012","Ginger Oleoresins","Kgs","0.11","1.93","0.0"
"2017-06-01","Kingdom of the Netherlands","NLD","528","Europe","150","Western Europe","155","20079920","Guava","Kgs","52.0","29.52","0.05"
"2025-04-01","Kingdom of the Netherlands","NLD","528","Europe","150","Western Europe","155","87084000","Gear Boxes","Kgs","6465.0","1.22","0.14"
"2019-08-01","Denmark","DNK","208","Europe","150","Northern Europe","154","82032000","Pliers,Pincers,Tweezers And Smrl Tools","Kgs","0.47","1.58","0.0"
"2019-02-01","Slovenia","SVN","705","Europe","150","Southern Europe","39","84822090","Other Tapered Rolled Bearings","Nos","0.01","0.02",""
"2015-07-01","Italy","ITA","380","Europe","150","Southern Europe","39","62033200","Jackets And Blazers Of Cotton","Nos","4.87","64.21","0.1"
"2024-11-01","United Kingdom of Great Britain and Northern Ireland","GBR","826","Europe","150","Northern Europe","154","95051000","Articles For Christmas Festivities","Kgs","5284.0","2.39","0.28"
"2015-01-01","Denmark","DNK","208","Europe","150","Northern Europe","154","63014000","Blankets(Other Than Electric Blankets) And Travelling Rugs,Of Synthetic Fibres","Nos","7.36","16.86","0.03"
"2025-04-01","Russian Federation","RUS","643","Europe","150","Eastern Europe","151","45019000","Other Natural Cork","Kgs","200.0","0.03","0.0"
"2015-04-01","France","FRA","250","Europe","150","Western Europe","155","54078290","Others","Sqm","0.25","1.36","0.0"
"2025-06-01","Ireland","IRL","372","Europe","150","Northern Europe","154","76151029","Other Aluminium Utensils","Kgs","290.0","0.03","0.0"
"2016-05-01","Norway","NOR","578","Europe","150","Northern Europe","154","84671110","Pneumatic Drills","Nos","0.01","6.72","0.01"
"2015-11-01","United Kingdom of Great Britain and Northern Ireland","GBR","826","Europe","150","Northern Europe","154","39169027","Polypropylene","Kgs","0.29","1.95","0.0"
"2020-08-01","Netherlands Antilles","None","None","Europe","150","Western Europe","155","62052090","Of Cotton: Other","Nos","21.66","71.93","0.1"
"2020-05-01","Germany","DEU","276","Europe","150","Western Europe","155","9093119","Other Seeds Of Black Cummin Neither Crushed Nor Ground","Kgs","104.75","163.68","0.22"
"2019-09-01","Spain","ESP","724","Europe","150","Southern Europe","39","62102030","Outer Garments,Mens And Boys Of Textile Fabrics,Otherwise Impregnated Or Coated","Nos","0.05","3.1","0.0"
"2024-07-01","Poland","POL","616","Europe","150","Eastern Europe","151","83012000","Locks Of A Kind Used For Motor Vehicls","Nos","2778.0","0.17","0.02"
"2016-04-01","Kingdom of the Netherlands","NLD","528","Europe","150","Western Europe","155","30021012","*Tetanus Antisera","Kgs","0.3","28.27","0.04"
"2019-09-01","United Kingdom of Great Britain and Northern Ireland","GBR","826","Europe","150","Northern Europe","154","61178010","Othr Clotng Accessoris Of Silk","Nos","0.01","0.02",""
"2024-06-01","Belgium","BEL","56","Europe","150","Western Europe","155","57023290","Others","Sqm","40.0","0.01","0.0"
"2021-01-01","Ireland","IRL","372","Europe","150","Northern Europe","154","74181022","Of Copper","Kgs","0.26","2.0","0.0"
"2020-01-01","Italy","ITA","380","Europe","150","Southern Europe","39","17049030","Toffees,Caramels And Sim Sweets","Kgs","12.2","25.33","0.04"
"2016-07-01","Germany","DEU","276","Europe","150","Western Europe","155","85365020","Other Switches Of Plastics","Nos","0.13","0.96","0.0"
"2018-12-01","Switzerland","CHE","756","Europe","150","Western Europe","155","40117000","Of A Kind Used On Agricultural Or Forestry Vehicles And Machines","Nos","0.46","72.22","0.1"
"2019-09-01","Greece","GRC","300","Europe","150","Southern Europe","39","52093230","Drill","Sqm","15.86","13.0","0.02"
"2025-05-01","Kingdom of the Netherlands","NLD","528","Europe","150","Western Europe","155","30021290","Other","Kgs","2.0","0.0","0.0"
"2024-04-01","Belarus","BLR","112","Europe","150","Eastern Europe","151","30049011","Medicaments Of Ayurvedic System","Kgs","1246.0","0.19","0.02"
"2018-06-01","Spain","ESP","724","Europe","150","Southern Europe","39","82052000","Hammers And Sledge Hammers","Kgs","6.36","20.32","0.03"
"2019-12-01","Kingdom of the Netherlands","NLD","528","Europe","150","Western Europe","155","29029090","Other Cyclic Hydrocarbons","Kgs","12.0","73.1","0.1"
"2020-10-01","Germany","DEU","276","Europe","150","Western Europe","155","44219970","Articles Of Densified Wood Not Included Or Specified Elsewhere","Kgs","0.36","2.64","0.0"
"2017-04-01","Belgium","BEL","56","Europe","150","Western Europe","155","84713090","Othr Dgtl Automatc Data-Procesng Machine Weghng <=10Kg Wth A Keyboard And Display Consistng Of A Central Procesng Ma","Nos","0.03","49.27","0.08"
"2016-09-01","Sweden","SWE","752","Europe","150","Northern Europe","154","71049000","*Othr Syn/Recnctrctd Prcs/Semi Prcs Stones","Kgs","","3.12","0.0"
"2019-07-01","Latvia","LVA","428","Europe","150","Northern Europe","154","48192020","Boxes Of Non-Crrugated Paper And Paperboard","Kgs","0.07","0.19","0.0"
"2015-09-01","Italy","ITA","380","Europe","150","Southern Europe","39","29420014","Ranitidine","Kgs","1.12","36.92","0.06"
"2020-10-01","United Kingdom of Great Britain and Northern Ireland","GBR","826","Europe","150","Northern Europe","154","90121090","Others","Nos","0.0","0.27","0.0"
"2021-11-01","Germany","DEU","276","Europe","150","Western Europe","155","9092200","Crushed Or Ground Coriander","Kgs","0.3","0.54","0.0"
"2018-07-01","Germany","DEU","276","Europe","150","Western Europe","155","29420027","Atenolol, Propronalol","Kgs","0.08","2.01","0.0"
"2018-02-01","Belgium","BEL","56","Europe","150","Western Europe","155","19041020","Pawa,Mudi And The Like","Kgs","0.4","0.31","0.0"
"2024-12-01","Germany","DEU","276","Europe","150","Western Europe","155","72155010","Mild Steel Bright Bar","Kgs","358.0","0.0","0.0"
"2018-03-01","Germany","DEU","276","Europe","150","Western Europe","155","73201019","Other Leaf-Springs","Kgs","0.66","4.38","0.01"
"2020-07-01","Russian Federation","RUS","643","Europe","150","Eastern Europe","151","48239090","Others","Kgs","3.58","40.93","0.05"
"2021-02-01","Ukraine","UKR","804","Europe","150","Eastern Europe","151","73181900","Other Threaded Articles","Kgs","0.0","0.03",""
"2015-01-01","Austria","AUT","040","Europe","150","Western Europe","155","44170000","Tools,Tool Bodies,Tool Handles Broom Or Brush Bodies And Handles, Or Wood Boot Or Shoe Lasts And Trees,Of Wood","Kgs","0.15","7.75","0.01"
"2015-05-01","Slovenia","SVN","705","Europe","150","Southern Europe","39","73079310","Galvanised","Kgs","12.85","19.62","0.03"
"2018-11-01","Belgium","BEL","56","Europe","150","Western Europe","155","63049241","Table Cloth And Table Covers Of Handloom","Nos","1.45","11.87","0.02"
"2020-03-01","Belgium","BEL","56","Europe","150","Western Europe","155","84663090","Others","Nos","0.52","3.97","0.01"
"2020-09-01","United Kingdom of Great Britain and Northern Ireland","GBR","826","Europe","150","Northern Europe","154","62019990","*Othr Smlr Artcls Of Othr Fibres","Nos","0.14","2.4","0.0"
"2019-12-01","Norway","NOR","578","Europe","150","Northern Europe","154","71131940","Jewellery Of Gold Set With Precious And Semi Precious Stones Other Than Diamonds","Kgs","","0.35","0.0"
"2021-02-01","Estonia","EST","233","Europe","150","Northern Europe","154","46021990","Others","Kgs","7.69","19.45","0.03"
"2021-09-01","United Kingdom of Great Britain and Northern Ireland","GBR","826","Europe","150","Northern Europe","154","8109090","Other Fruits, Frsh","Kgs","12.52","13.72","0.02"
"2016-05-01","United Kingdom of Great Britain and Northern Ireland","GBR","826","Europe","150","Northern Europe","154","30049061","Analgin With Or Without Other Compounds Such As Paracetamol","Kgs","89.16","439.21","0.66"
"2021-01-01","Poland","POL","616","Europe","150","Eastern Europe","151","30049083","Sulpha Drugs Not Elsewhere Specified","Kgs","0.2","57.35","0.08"
"2018-10-01","France","FRA","250","Europe","150","Western Europe","155","82090010","Tungsten Carbide Tips","Kgs","0.01","1.36","0.0"
"2018-04-01","Germany","DEU","276","Europe","150","Western Europe","155","84807100","Injctn/Cmprsn Type Moulds Fr Rubbr/Plstcs","Kgs","3.65","202.77","0.31"
"2016-12-01","Germany","DEU","276","Europe","150","Western Europe","155","28112990","Other Inorgnc Oxgn Compnds Of Non-Mtls, Nes","Kgs","0.5","5.45","0.01"
"2016-11-01","France","FRA","250","Europe","150","Western Europe","155","87113020","Motr Cycls Wth Cylndr Cpcty >250 Bt<=500Cc","Nos","0.03","55.24","0.08"
"2024-10-01","Germany","DEU","276","Europe","150","Western Europe","155","85123010","Horns","Nos","85529.0","2.74","0.33"
"2018-02-01","Germany","DEU","276","Europe","150","Western Europe","155","84799090","Prts Of Othr Mchnry And Mchncl Applncs,Hvng Indvdl Functns","Kgs","31.19","571.95","0.89"
"2021-08-01","Poland","POL","616","Europe","150","Eastern Europe","151","86073090","Others","Kgs","0.71","2.53","0.0"
"2021-02-01","Italy","ITA","380","Europe","150","Southern Europe","39","62099010","Babies Garments And Clothing Access Of Silk","Nos","0.02","0.57","0.0"
"2017-10-01","France","FRA","250","Europe","150","Western Europe","155","28255000","Copper Oxides And Hydroxides","Kgs","6.0","23.22","0.04"
"2017-04-01","Spain","ESP","724","Europe","150","Southern Europe","39","87089100","Radiators","Kgs","21.39","111.05","0.17"
"2025-06-01","France","FRA","250","Europe","150","Western Europe","155","71162000","Articles Of Precious Or Semi Precious Stones(Natural Synthetic/Reconstructed)","Kgs","494.0","0.47","0.06"
"2017-09-01","Portugal","PRT","620","Europe","150","Southern Europe","39","82052000","Hammers And Sledge Hammers","Kgs","0.12","0.09","0.0"
"2025-06-01","Russian Federation","RUS","643","Europe","150","Eastern Europe","151","39235010","Caps And Closures For Bottles","Kgs","3583.0","0.17","0.02"
"2017-02-01","Portugal","PRT","620","Europe","150","Southern Europe","39","84322100","Disc Harrows","Nos","2.47","35.0","0.05"
"2024-12-01","France","FRA","250","Europe","150","Western Europe","155","95066230","Basket Ball","Nos","3200.0","0.06","0.01"
"2021-08-01","Denmark","DNK","208","Europe","150","Northern Europe","154","39046100","Polytetrafluoroethylene","Kgs","12.0","82.94","0.11"
"2021-07-01","Russian Federation","RUS","643","Europe","150","Eastern Europe","151","68129300","*Cmprssd Asbsts Fbre Jointng;In Sheet/Roll","Kgs","9.3","10.76","0.01"
"2018-09-01","Portugal","PRT","620","Europe","150","Southern Europe","39","55151130","Fbrc Of Polstr,Mxd Wth Viscos Ryon,Dyed","Sqm","208.1","281.66","0.39"
"2021-10-01","United Kingdom of Great Britain and Northern Ireland","GBR","826","Europe","150","Northern Europe","154","33049190","Other Powders Whether Or Not Compressed","Kgs","0.1","2.15","0.0"
"2017-08-01","Spain","ESP","724","Europe","150","Southern Europe","39","62044390","Othr Dresses Of Synth Fibres","Nos","375.42","2097.83","3.28"
"2019-09-01","United Kingdom of Great Britain and Northern Ireland","GBR","826","Europe","150","Northern Europe","154","29061390","Other Sterols And Inositols","Kgs","0.0","0.38","0.0"
"2016-08-01","Ukraine","UKR","804","Europe","150","Eastern Europe","151","12079930","Niger Seed W/N Broken","Kgs","2.5","4.78","0.01"
"2016-02-01","United Kingdom of Great Britain and Northern Ireland","GBR","826","Europe","150","Northern Europe","154","55121110","Woven Fbrcs, Unblechd","Sqm","0.98","0.76","0.0"
"2021-06-01","Austria","AUT","40","Europe","150","Western Europe","155","69022090","Othr Rfrtry Brks Cntg >50% Of Almna,Silica","Ton","0.0","2.25","0.0"
"2015-02-01","Germany","DEU","276","Europe","150","Western Europe","155","63049260","Towel Orht Thn Terry Of Cotn, Ntkntd/Crcht","Nos","497.34","363.12","0.59"
"2021-08-01","Sweden","SWE","752","Europe","150","Northern Europe","154","63029190","Other Bed Linen, Table Lenen, Toilet Linen, Kitchen Linen: Of Cotton, Other Than Handloom","Kgs","0.58","9.4","0.01"
"2015-07-01","United Kingdom of Great Britain and Northern Ireland","GBR","826","Europe","150","Northern Europe","154","84485190","Snkrs,Nedl Etc. Of Other Txtl Machinery","Kgs","0.0","0.03",""
"2025-01-01","Italy","ITA","380","Europe","150","Southern Europe","39","85073000","Nickel-Cadmium Accumulators","Nos","8.0","1.15","0.13"
"2015-07-01","France","FRA","250","Europe","150","Western Europe","155","73069019","Erw Precision Other Tubes Made Up Of Other","Kgs","6.79","35.1","0.06"
"2024-12-01","Russian Federation","RUS","643","Europe","150","Eastern Europe","151","61099090","T-Shirt Etc Of Othr Fibres","Nos","15319.0","0.37","0.04"
"2016-10-01","Norway","NOR","578","Europe","150","Northern Europe","154","85369010","Other Appratus Of Heading 8536 Speed Incl Revrsng Strtrs At <=60 Volts","Nos","0.0","0.15","0.0"
"2018-02-01","Russian Federation","RUS","643","Europe","150","Eastern Europe","151","72222012","Bright Bars-Nckl Chromium Austenitic Type","Kgs","461.53","716.45","1.11"
"2017-08-01","Italy","ITA","380","Europe","150","Southern Europe","39","29333919","Other Derivatives Of Pyradine","Kgs","5.01","96.86","0.15"
"2020-09-01","Germany","DEU","276","Europe","150","Western Europe","155","39202090","Pltes Shts Of Polymrs Of Propyln Nes","Kgs","74.68","202.48","0.28"
"2025-07-01","Spain","ESP","724","Europe","150","Southern Europe","39","72224020","Angles Etc.Of Less Than 80 Mm","Kgs","267964.0","5.6","0.65"
"2016-08-01","Germany","DEU","276","Europe","150","Western Europe","155","84383090","Sugar Manufacturing Mchnry(Excl Cntrfgs)","Nos","0.0","0.34","0.0"
"2019-02-01","Ukraine","UKR","804","Europe","150","Eastern Europe","151","39231030","Boxs Cases Crates And Smlr Artcls Of Plstcs Insulated Ware","Kgs","3.52","17.68","0.02"
"2025-02-01","Italy","ITA","380","Europe","150","Southern Europe","39","74198090","Other Articles Of Copper","Kgs","839.0","0.03","0.0"
"2018-11-01","France","FRA","250","Europe","150","Western Europe","155","39201099","Othr Plts,Sheet Of Polymrs Of Ethylene Nes","Kgs","0.02","1.39","0.0"
"2017-09-01","Kingdom of the Netherlands","NLD","528","Europe","150","Western Europe","155","90158010","Hydrographic Instrument","Nos","0.01","0.37","0.0"
"2024-11-01","Denmark","DNK","208","Europe","150","Northern Europe","154","90319000","Parts And Accessories Of Instrmnts Of 9031","Nos","200.0","0.01","0.0"
"2025-05-01","Denmark","DNK","208","Europe","150","Northern Europe","154","85014090","Other A.C.Motors,Single Phase","Nos","384.0","0.24","0.03"
"2018-03-01","Poland","POL","616","Europe","150","Eastern Europe","151","87089400","Sterng Wheels,Sterng Columns And Sterng Boxs","Kgs","40.43","197.08","0.3"
"2015-01-01","Germany","DEU","276","Europe","150","Western Europe","155","62021110","*Coats Of Wool Or Fine Animal Hair","Nos","0.07","0.32","0.0"
"2018-12-01","Serbia","SRB","688","Europe","150","Southern Europe","39","68022390","Others","Kgs","103.5","31.52","0.04"
"2016-09-01","France","FRA","250","Europe","150","Western Europe","155","7129030","Dehydrated Garlic Flakes","Kgs","18.0","44.56","0.07"
"2016-09-01","Germany","DEU","276","Europe","150","Western Europe","155","85469090","Othr Elctrl Insltrs Of Othr Matrls","Kgs","23.45","193.07","0.29"
"2017-11-01","Malta","MLT","470","Europe","150","Southern Europe","39","26203090","Other Ash And Residues Contg Mainly Copper","Kgs","28.0","1.54","0.0"
"2016-07-01","France","FRA","250","Europe","150","Western Europe","155","30045020","Mineral And Parenteral Nutritional Spplmnts/Contng Calsium Slts Wth Vtmn In Tablts Etc","Kgs","1.06","27.77","0.04"
"2015-05-01","Spain","ESP","724","Europe","150","Southern Europe","39","57033010","*Carpts,Carpeting And Rugs","Sqm","1.98","11.83","0.02"
"2020-12-01","Germany","DEU","276","Europe","150","Western Europe","155","32030010","Cutch(Catechu) Extracts","Kgs","18.01","39.13","0.05"
"2024-07-01","Slovenia","SVN","705","Europe","150","Southern Europe","39","84143000","Compressors Usd In Reprigerating Equipment","Nos","4.0","0.0","0.0"
"2025-04-01","France","FRA","250","Europe","150","Western Europe","155","90173010","Calipers And Micrometers","Nos","95.0","0.0","0.0"
"2015-03-01","Belgium","BEL","56","Europe","150","Western Europe","155","38021000","Activated Carbon","Kgs","86.0","85.32","0.14"
"2015-02-01","France","FRA","250","Europe","150","Western Europe","155","39269029","Othr Couplers,Packing Ring, O Rings And Like","Kgs","1.09","1.52","0.0"
"2017-06-01","United Kingdom of Great Britain and Northern Ireland","GBR","826","Europe","150","Northern Europe","154","85322500","Othr Fxd Capactrs Dielctrc Of Papr/Plstcs","Nos","17.36","2.35","0.0"
"2024-07-01","France","FRA","250","Europe","150","Western Europe","155","90312000","Test Benches","Nos","2.0","1.96","0.23"
"2024-04-01","Switzerland","CHE","756","Europe","150","Western Europe","155","40119000","Other","Nos","194.0","0.04","0.01"
"2020-06-01","Poland","POL","616","Europe","150","Eastern Europe","151","96081099","Other Ball-Point Pens Without Liquid Ink (For Rolling Ball Pen)","Nos","15.9","2.92","0.0"
"2015-10-01","United Kingdom of Great Britain and Northern Ireland","GBR","826","Europe","150","Northern Europe","154","33059011","Perfumed Hair Oil","Kgs","0.44","1.81","0.0"
"2019-05-01","Poland","POL","616","Europe","150","Eastern Europe","151","61044300","Dresses Of Synthetic Fibres","Nos","16.6","29.07","0.04"
"2017-11-01","Spain","ESP","724","Europe","150","Southern Europe","39","63109010","Woollen Rags","Kgs","23.43","32.43","0.05"
"2020-12-01","United Kingdom of Great Britain and Northern Ireland","GBR","826","Europe","150","Northern Europe","154","72172010","Wire, 18 Swg And Thicker","Kgs","168.6","135.64","0.18"
"2017-10-01","Italy","ITA","380","Europe","150","Southern Europe","39","63039100","Other Curtain Etc Of Cotton","Kgs","37.1","172.06","0.26"
"2015-12-01","France","FRA","250","Europe","150","Western Europe","155","40151900","Other Gloves,Mittens And Mitts","Prs","339.23","67.35","0.1"
"2015-10-01","Bulgaria","BGR","100","Europe","150","Eastern Europe","151","72109090","Othr Flt-Rld Prdcts Of Iron/Non Aloy Stl Clad,Pltd Or Cotd,Of Wdth>=600Mm N.E.S.","Kgs","49.0","22.8","0.04"
"2021-06-01","Poland","POL","616","Europe","150","Eastern Europe","151","82072000","Dies For Drawng Or Extrudng Metal","Kgs","0.73","12.67","0.02"
"2024-07-01","Hungary","HUN","348","Europe","150","Eastern Europe","151","85129000","Parts Of Elctrcl Lightng/Signalng Equip","Kgs","7084.0","0.38","0.05"
"2016-11-01","Malta","MLT","470","Europe","150","Southern Europe","39","29334900","Othe Cmpnds Cntng In Structure A Quinolineor Isoquinoline Ring System (W/N Hydrgntd),Not Further Fused","Kgs","0.16","372.9","0.55"
"2017-02-01","Poland","POL","616","Europe","150","Eastern Europe","151","72230092","Wire Of Stains Stl Of Thckns 1.5 To 0.46Mm","Kgs","10.48","23.92","0.04"
"2019-03-01","Norway","NOR","578","Europe","150","Northern Europe","154","63023100","Other Bed Linen Of Cotton","Kgs","4.22","44.75","0.06"
"2015-01-01","Switzerland","CHE","756","Europe","150","Western Europe","155","56012110","Absorbent Cotton Wool","Kgs","109.78","172.46","0.28"
"2019-04-01","Sweden","SWE","752","Europe","150","Northern Europe","154","40141010","Rubber Contraceptives Male(Condoms)","Kgs","492.48","8.06","0.01"
"2021-12-01","Germany","DEU","276","Europe","150","Western Europe","155","28112200","Silicon Dioxide","Kgs","32.13","87.85","0.12"
"2021-01-01","Monaco","MCO","492","Europe","150","Western Europe","155","57019011","Hand-Made","Sqm","0.01","0.38","0.0"
"2021-10-01","Ukraine","UKR","804","Europe","150","Eastern Europe","151","30049057","Other Antitubercular Drugs","Kgs","3.08","494.07","0.66"
"2024-11-01","Poland","POL","616","Europe","150","Eastern Europe","151","84818090","Others","Kgs","5027.0","0.71","0.08"
"2024-04-01","Kingdom of the Netherlands","NLD","528","Europe","150","Western Europe","155","70200090","Other Articles Of Glss Nes","Kgs","93671.0","3.78","0.45"